<?xml version="1.0" encoding="UTF-8"?>
<project-private xmlns="http://www.netbeans.org/ns/project-private/1">
    <editor-bookmarks xmlns="http://www.netbeans.org/ns/editor-bookmarks/2" lastBookmarkId="0"/>
    <open-files xmlns="http://www.netbeans.org/ns/projectui-open-files/2">
        <group>
            <file>file:/C:/Users/Konny%20Lagos%20Morales/Desktop/Proyectos%20Codigos/SalmonApp/src/model/UnidadOperativa.java</file>
            <file>file:/C:/Users/Konny%20Lagos%20Morales/Desktop/Proyectos%20Codigos/SalmonApp/src/model/CentroCultivo.java</file>
            <file>file:/C:/Users/Konny%20Lagos%20Morales/Desktop/Proyectos%20Codigos/SalmonApp/src/model/PlantaProceso.java</file>
            <file>file:/C:/Users/Konny%20Lagos%20Morales/Desktop/Proyectos%20Codigos/SalmonApp/src/service/CentroService.java</file>
            <file>file:/C:/Users/Konny%20Lagos%20Morales/Desktop/Proyectos%20Codigos/SalmonApp/data/centros.txt</file>
        </group>
    </open-files>
</project-private>
